ra,rc,T,px,py
150.0,400,0.994600526,315.0,545.5960043841964
150.0,450,0.996413105,315.0,545.5960043841964
150.0,500,0.985054064,315.0,545.5960043841964
150.0,550,0.978148159,315.0,545.5960043841964
150.0,600,0.984917351,315.0,545.5960043841964
200.0,400,0.975990321,420.0,727.4613391789284
200.0,450,0.969890713,420.0,727.4613391789284
200.0,500,0.964090838,420.0,727.4613391789284
200.0,550,0.973687806,420.0,727.4613391789284
200.0,600,0.990130622,420.0,727.4613391789284
250.0,400,0.973027407,525.0,909.3266739736605
250.0,450,0.976405129,525.0,909.3266739736605
250.0,500,0.98353723,525.0,909.3266739736605
250.0,550,0.988672967,525.0,909.3266739736605
250.0,600,0.984377146,525.0,909.3266739736605
300.0,400,0.966468012,630.0,1091.1920087683927
300.0,450,0.973830696,630.0,1091.1920087683927
300.0,500,0.978142975,630.0,1091.1920087683927
300.0,550,0.979780435,630.0,1091.1920087683927
300.0,600,0.984047206,630.0,1091.1920087683927
