ra,rc,T,px,py
150.0,400,0.994599975,315.0,545.5960043841964
150.0,425,0.99792779,315.0,545.5960043841964
150.0,450,0.996413105,315.0,545.5960043841964
150.0,475,0.991274895,315.0,545.5960043841964
150.0,500,0.985050587,315.0,545.5960043841964
175.0,400,0.99051849,367.5,636.5286717815624
175.0,425,0.99149959,367.5,636.5286717815624
175.0,450,0.98760331,367.5,636.5286717815624
175.0,475,0.981398698,367.5,636.5286717815624
175.0,500,0.975910025,367.5,636.5286717815624
200.0,400,0.976070425,420.0,727.4613391789284
200.0,425,0.974175139,420.0,727.4613391789284
200.0,450,0.969616384,420.0,727.4613391789284
200.0,475,0.965795711,420.0,727.4613391789284
200.0,500,0.964085942,420.0,727.4613391789284
225.0,400,0.977212755,472.5,818.3940065762945
225.0,425,0.978388453,472.5,818.3940065762945
225.0,450,0.979678514,472.5,818.3940065762945
225.0,475,0.981837475,472.5,818.3940065762945
225.0,500,0.985037186,472.5,818.3940065762945
250.0,400,0.973027467,525.0,909.3266739736605
250.0,425,0.974225377,525.0,909.3266739736605
250.0,450,0.976450226,525.0,909.3266739736605
250.0,475,0.979597273,525.0,909.3266739736605
250.0,500,0.98352623,525.0,909.3266739736605
275.0,400,0.969157962,577.5,1000.2593413710266
275.0,425,0.971877329,577.5,1000.2593413710266
275.0,450,0.975820925,577.5,1000.2593413710266
275.0,475,0.979535085,577.5,1000.2593413710266
275.0,500,0.98251376,577.5,1000.2593413710266
300.0,400,0.966476671,630.0,1091.1920087683927
300.0,425,0.970299261,630.0,1091.1920087683927
300.0,450,0.973824633,630.0,1091.1920087683927
300.0,475,0.976325259,630.0,1091.1920087683927
300.0,500,0.978142757,630.0,1091.1920087683927
