ra,rc,T,px,py
125.0,300,0.96690476,262.5,454.66333698683025
125.0,315,0.967855571,262.5,454.66333698683025
125.0,330,0.970538539,262.5,454.66333698683025
125.0,345,0.974654443,262.5,454.66333698683025
125.0,360,0.97974563,262.5,454.66333698683025
125.0,375,0.985231416,262.5,454.66333698683025
125.0,390,0.990492516,262.5,454.66333698683025
125.0,405,0.994911217,262.5,454.66333698683025
125.0,420,0.998046523,262.5,454.66333698683025
125.0,435,0.999598679,262.5,454.66333698683025
125.0,450,0.999489057,262.5,454.66333698683025
125.0,465,0.997834408,262.5,454.66333698683025
125.0,480,0.994994473,262.5,454.66333698683025
125.0,495,0.991409979,262.5,454.66333698683025
125.0,510,0.987636226,262.5,454.66333698683025
125.0,525,0.984142555,262.5,454.66333698683025
125.0,540,0.981359296,262.5,454.66333698683025
125.0,555,0.979629705,262.5,454.66333698683025
125.0,570,0.979172763,262.5,454.66333698683025
125.0,585,0.979988681,262.5,454.66333698683025
125.0,600,0.981931063,262.5,454.66333698683025
125.0,615,0.984804625,262.5,454.66333698683025
125.0,630,0.988211751,262.5,454.66333698683025
125.0,645,0.991737083,262.5,454.66333698683025
125.0,660,0.994998307,262.5,454.66333698683025
125.0,675,0.997567793,262.5,454.66333698683025
125.0,690,0.999173906,262.5,454.66333698683025
125.0,705,0.99966531,262.5,454.66333698683025
125.0,720,0.999022278,262.5,454.66333698683025
125.0,735,0.997408087,262.5,454.66333698683025
125.0,750,0.995042275,262.5,454.66333698683025
125.0,765,0.992297988,262.5,454.66333698683025
125.0,780,0.989522609,262.5,454.66333698683025
125.0,795,0.987116933,262.5,454.66333698683025
125.0,810,0.985317549,262.5,454.66333698683025
125.0,825,0.98438627,262.5,454.66333698683025
125.0,840,0.984403123,262.5,454.66333698683025
