% ra (nm),rc (nm),"Total transmittance (1), Global Variable Probe 2"
125,300,0.96692707
125,325,0.969429399
125,350,0.976272707
125,375,0.985219734
125,400,0.993566351
125,425,0.998747214
125,450,0.999492596
125,475,0.996073479
125,500,0.990175799
125,525,0.984135154
125,550,0.980105247
125,575,0.979298624
125,600,0.981931605
125,625,0.987024025
125,650,0.99286251
125,675,0.997566194
125,700,0.999627136
125,725,0.998592223
125,750,0.995048075
125,775,0.990430018
125,800,0.986446481
