% ra (nm),rc (nm),"Total transmittance (1), Global Variable Probe 2"
300,300,0.968167582
300,325,0.965350793
300,350,0.963908417
300,375,0.964509885
325,300,0.961304073
325,325,0.95891937
325,350,0.958176367
325,375,0.959387454
350,300,0.931355447
350,325,0.932854366
350,350,0.937368762
350,375,0.944495083
