% ra (nm),rc (nm),"Total transmittance (1), Global Variable Probe 2"
375,300,0.949049002
375,350,0.943890865
375,400,0.945602523
375,450,0.955032696
375,500,0.969295526
375,550,0.980836413
375,600,0.988451726
375,650,0.991887709
375,700,0.991687952
375,750,0.993444441
375,800,0.998292324
