% ra (nm),rc (nm),"Total transmittance (1), Global Variable Probe 2"
425,300,0.95938761
425,350,0.91876851
425,400,0.864979649
425,450,0.648947134
425,500,0.838121871
425,550,0.991996881
425,600,0.990237418
425,650,0.966807694
425,700,0.897786762
425,750,0.806393201
425,800,0.826644621
